date,time,latitude,longitude,gps_speed,gps_alt,gps_heading,gps_distance,speed,voltage,phase_current,current,power,torque,pwm,battery_level,distance,totaldistance,system_temp,temp2,tilt,roll,mode,alert
2025-09-14,21:20:32.461,53.2593623,50.2387911,0.0,167.20001220703125,0.0,0,2.70,120.89,5.70,0.07,8.46,0.00,1.29,90,0,2400144,30,0,0.27,0.00,,
2025-09-14,21:20:32.647,53.2593623,50.2387911,0.0,167.20001220703125,0.0,0,3.00,120.80,4.90,0.05,6.04,0.00,0.98,89,0,2400144,30,0,0.27,0.00,,
2025-09-14,21:20:32.861,53.2593623,50.2387911,0.0,167.20001220703125,0.0,0,2.50,120.80,3.70,0.08,9.66,0.00,2.16,89,0,2400144,30,0,0.18,0.00,,
2025-09-14,21:20:33.045,53.2593623,50.2387911,0.0,167.20001220703125,0.0,0,1.60,120.84,4.40,0.15,18.13,0.00,3.40,90,0,2400144,30,0,0.21,0.00,,
2025-09-14,21:20:33.261,53.2593623,50.2387911,0.0,167.20001220703125,0.0,0,0.90,120.76,7.30,0.36,43.47,0.00,4.92,89,0,2400144,30,0,0.34,0.00,,
2025-09-14,21:20:33.468,53.2593623,50.2387911,0.0,167.20001220703125,0.0,0,1.00,120.76,4.20,0.27,32.61,0.00,6.46,89,1,2400145,30,0,0.24,0.00,,
2025-09-14,21:20:33.647,53.2593623,50.2387911,0.0,167.20001220703125,0.0,0,1.80,120.80,0.80,0.05,6.04,0.00,6.02,89,1,2400145,30,0,0.07,0.00,,
2025-09-14,21:20:33.861,53.2593623,50.2387911,0.0,167.20001220703125,0.0,0,2.70,120.84,1.50,0.04,4.83,0.00,2.69,90,1,2400145,30,0,-0.04,0.00,,
2025-09-14,21:20:34.061,53.2593623,50.2387911,0.0,167.20001220703125,0.0,0,3.00,120.80,2.80,0.03,3.62,0.00,1.02,89,1,2400145,30,0,-0.10,0.00,,
2025-09-14,21:20:34.264,53.2593623,50.2387911,0.0,167.20001220703125,0.0,0,2.70,120.80,3.30,0.03,3.62,0.00,0.80,89,1,2400145,30,0,-0.09,0.00,,
2025-09-14,21:20:34.448,53.2593623,50.2387911,0.0,167.20001220703125,0.0,0,2.20,120.80,1.20,0.01,1.21,0.00,1.18,89,1,2400145,30,0,0.00,0.00,,
2025-09-14,21:20:34.661,53.2593623,50.2387911,0.0,167.20001220703125,0.0,0,1.50,120.76,1.20,0.02,2.42,0.00,1.77,89,1,2400145,30,0,0.03,0.00,,
2025-09-14,21:20:34.867,53.2593623,50.2387911,0.0,167.20001220703125,0.0,0,0.80,120.80,0.10,0.00,0.00,0.00,1.06,89,1,2400145,30,0,0.07,0.00,,
2025-09-14,21:20:35.061,53.2593623,50.2387911,0.0,167.20001220703125,0.0,0,0.70,120.76,0.90,0.00,0.00,0.00,0.22,89,1,2400145,30,0,0.11,0.00,,
2025-09-14,21:20:35.261,53.2593623,50.2387911,0.0,167.20001220703125,0.0,0,0.70,120.76,1.60,0.01,1.21,0.00,0.50,89,1,2400145,30,0,0.15,0.00,,
2025-09-14,21:20:35.463,53.2593623,50.2387911,0.0,167.20001220703125,0.0,0,0.70,120.80,4.10,0.09,10.87,0.00,2.24,89,1,2400145,30,0,0.25,0.00,,
2025-09-14,21:20:35.666,53.2593623,50.2387911,0.0,167.20001220703125,0.0,0,0.50,120.80,2.00,0.05,6.04,0.00,2.40,89,1,2400145,30,0,0.18,0.00,,
2025-09-14,21:20:35.865,53.2593623,50.2387911,0.0,167.20001220703125,0.0,0,0.30,120.76,0.80,0.01,1.21,0.00,0.85,89,1,2400145,30,0,0.10,0.00,,
2025-09-14,21:20:36.065,53.2593623,50.2387911,0.0,167.20001220703125,0.0,0,0.30,120.76,1.40,0.02,2.42,0.00,1.14,89,1,2400145,30,0,0.12,0.00,,
2025-09-14,21:20:36.281,53.2593623,50.2387911,0.0,167.20001220703125,0.0,0,0.10,120.80,1.30,0.02,2.42,0.00,1.18,89,1,2400145,30,0,0.12,0.00,,
2025-09-14,21:20:36.467,53.2593623,50.2387911,0.0,167.20001220703125,0.0,0,0.00,120.80,0.90,0.01,1.21,0.00,0.68,89,1,2400145,30,0,0.10,0.00,,
2025-09-14,21:20:36.681,53.2593623,50.2387911,0.0,167.20001220703125,0.0,0,0.00,118.97,1.80,0.03,3.57,0.00,1.54,82,1,2400145,30,0,0.14,0.00,,
2025-09-14,21:20:36.881,53.2593623,50.2387911,0.0,167.20001220703125,0.0,0,0.00,120.68,1.10,0.01,1.21,0.00,1.26,89,1,2400145,30,0,0.11,0.00,,
2025-09-14,21:20:37.081,53.2593623,50.2387911,0.0,167.20001220703125,0.0,0,0.10,120.80,1.10,0.02,2.42,0.00,1.61,89,1,2400145,30,0,0.10,0.00,,
2025-09-14,21:20:37.281,53.2593623,50.2387911,0.0,167.20001220703125,0.0,0,0.20,120.76,1.00,0.01,1.21,0.00,1.26,89,1,2400145,30,0,0.09,0.00,,
2025-09-14,21:20:37.481,53.2593623,50.2387911,0.0,167.20001220703125,0.0,0,0.10,120.76,1.20,0.04,4.83,0.00,3.42,89,1,2400145,30,0,0.12,0.00,,
2025-09-14,21:20:37.681,53.2593623,50.2387911,0.0,167.20001220703125,0.0,0,0.50,120.76,2.50,0.16,19.32,0.00,6.34,89,2,2400146,30,0,0.18,0.00,,
2025-09-14,21:20:37.881,53.2593623,50.2387911,0.0,167.20001220703125,0.0,0,1.40,120.80,2.40,0.23,27.78,0.00,9.72,89,2,2400146,30,0,0.17,0.00,,
2025-09-14,21:20:38.090,53.2593623,50.2387911,0.0,167.20001220703125,0.0,0,3.00,120.80,1.80,0.22,26.58,0.00,12.40,89,2,2400146,30,0,0.14,0.00,,
2025-09-14,21:20:38.283,53.2593623,50.2387911,0.0,167.20001220703125,0.0,0,4.90,120.72,1.90,0.28,33.80,0.00,14.58,89,3,2400147,30,0,0.14,0.00,,
2025-09-14,21:20:38.507,53.2593623,50.2387911,0.0,167.20001220703125,0.0,0,6.80,120.72,1.90,0.32,38.63,0.00,16.94,89,3,2400147,30,0,0.14,0.00,,
2025-09-14,21:20:38.687,53.2593623,50.2387911,0.0,167.20001220703125,0.0,0,8.70,120.76,1.30,0.24,28.98,0.00,18.22,89,4,2400148,30,0,0.11,0.00,,
2025-09-14,21:20:38.904,53.2593623,50.2387911,0.0,167.20001220703125,0.0,0,10.30,120.72,1.20,0.23,27.77,0.00,19.16,89,5,2400149,30,0,0.10,0.00,,
2025-09-14,21:20:39.101,53.2593623,50.2387911,0.0,167.20001220703125,0.0,0,11.60,120.76,1.00,0.20,24.15,0.00,19.98,89,5,2400149,30,0,0.09,0.00,,
2025-09-14,21:20:39.301,53.2593623,50.2387911,0.0,167.20001220703125,0.0,0,12.70,120.76,1.00,0.20,24.15,0.00,20.42,89,6,2400150,30,0,0.08,0.00,,
2025-09-14,21:20:39.487,53.2593623,50.2387911,0.0,167.20001220703125,0.0,0,13.50,120.72,1.20,0.26,31.39,0.00,21.60,89,7,2400151,30,0,0.10,0.00,,
2025-09-14,21:20:39.701,53.2593623,50.2387911,0.0,167.20001220703125,0.0,0,14.20,120.68,0.50,0.11,13.27,0.00,21.29,89,8,2400152,30,0,0.06,0.00,,
2025-09-14,21:20:39.903,53.2593623,50.2387911,0.0,167.20001220703125,0.0,0,14.80,120.76,0.30,0.06,7.25,0.00,20.57,89,9,2400153,30,0,0.06,0.00,,
2025-09-14,21:20:40.101,53.2593623,50.2387911,0.0,167.20001220703125,0.0,0,15.20,120.72,1.00,0.21,25.35,0.00,21.34,89,10,2400154,30,0,0.09,0.00,,
2025-09-14,21:20:40.301,53.2593623,50.2387911,0.0,167.20001220703125,0.0,0,15.30,120.72,1.20,0.26,31.39,0.00,22.04,89,11,2400155,30,0,0.10,0.00,,
2025-09-14,21:20:40.514,53.2593623,50.2387911,0.0,167.20001220703125,0.0,0,15.30,120.64,2.40,0.59,71.18,0.00,24.50,89,11,2400155,30,0,0.16,0.00,,
2025-09-14,21:20:40.705,53.2593623,50.2387911,0.0,167.20001220703125,0.0,0,16.00,120.68,2.40,0.67,80.86,0.00,28.08,89,13,2400157,30,0,0.17,0.00,,
2025-09-14,21:20:40.917,53.2593623,50.2387911,0.0,167.20001220703125,0.0,0,17.30,120.64,1.50,0.46,55.49,0.00,30.58,89,14,2400158,30,0,0.13,0.00,,
2025-09-14,21:20:41.122,53.2593623,50.2387911,0.0,167.20001220703125,0.0,0,19.10,120.72,1.30,0.41,49.50,0.00,31.92,89,15,2400159,30,0,0.11,0.00,,
2025-09-14,21:20:41.321,53.2593623,50.2387911,0.0,167.20001220703125,0.0,0,21.00,120.51,1.00,0.32,38.56,0.00,32.36,88,16,2400160,30,0,0.09,0.00,,
2025-09-14,21:20:41.528,53.2593623,50.2387911,0.0,167.20001220703125,0.0,0,22.30,120.68,0.80,0.26,31.38,0.00,32.18,89,18,2400162,30,0,0.08,0.00,,
2025-09-14,21:20:41.728,53.2593623,50.2387911,0.0,167.20001220703125,0.0,0,23.10,120.76,0.80,0.25,30.19,0.00,31.49,89,19,2400163,30,0,0.07,0.00,,
2025-09-14,21:20:41.926,53.2593623,50.2387911,0.0,167.20001220703125,0.0,0,23.40,120.72,0.30,0.09,10.86,0.00,29.60,89,20,2400164,30,0,0.04,0.00,,
2025-09-14,21:20:42.108,53.2593623,50.2387911,0.0,167.20001220703125,0.0,0,23.20,120.68,0.80,0.21,25.34,0.00,25.80,89,21,2400165,30,0,-0.01,0.00,,
2025-09-14,21:20:42.321,53.2593623,50.2387911,0.0,167.20001220703125,0.0,0,22.30,120.72,0.50,0.11,13.28,0.00,22.53,89,23,2400167,30,0,0.00,0.00,,
2025-09-14,21:20:42.522,53.2593623,50.2387911,0.0,167.20001220703125,0.0,0,20.70,120.76,0.40,0.08,9.66,0.00,19.92,89,23,2400167,30,0,0.01,0.00,,
2025-09-14,21:20:42.721,53.2593623,50.2387911,0.0,167.20001220703125,0.0,0,18.70,120.72,0.20,0.04,4.83,0.00,17.96,89,24,2400168,30,0,0.02,0.00,,
2025-09-14,21:20:42.922,53.2593623,50.2387911,0.0,167.20001220703125,0.0,0,16.80,120.72,0.50,0.09,10.86,0.00,18.12,89,25,2400169,30,0,0.06,0.00,,
2025-09-14,21:20:43.124,53.2593623,50.2387911,0.0,167.20001220703125,0.0,0,15.00,120.76,1.10,0.21,25.36,0.00,19.09,89,26,2400170,30,0,0.09,0.00,,
2025-09-14,21:20:43.325,53.2593623,50.2387911,0.0,167.20001220703125,0.0,0,14.10,120.72,0.70,0.14,16.90,0.00,19.52,89,27,2400171,30,0,0.07,0.00,,
2025-09-14,21:20:43.525,53.2593623,50.2387911,0.0,167.20001220703125,0.0,0,13.90,120.64,0.00,0.00,0.00,0.00,18.16,89,27,2400171,30,0,0.03,0.00,,
2025-09-14,21:20:43.725,53.2593623,50.2387911,0.0,167.20001220703125,0.0,0,13.80,120.76,0.30,0.05,6.04,0.00,16.28,89,28,2400172,30,0,0.03,0.00,,
2025-09-14,21:20:43.941,53.2593623,50.2387911,0.0,167.20001220703125,0.0,0,13.40,120.72,0.00,0.00,0.00,0.00,15.45,89,29,2400173,30,0,0.04,0.00,,
2025-09-14,21:20:44.141,53.2593623,50.2387911,0.0,167.20001220703125,0.0,0,12.50,120.80,0.10,0.01,1.21,0.00,13.61,89,29,2400173,30,0,0.02,0.00,,
2025-09-14,21:20:44.342,53.2593623,50.2387911,0.0,167.20001220703125,0.0,0,11.50,120.76,0.00,0.00,0.00,0.00,12.16,89,30,2400174,30,0,0.03,0.00,,
2025-09-14,21:20:44.527,53.2593623,50.2387911,0.0,167.20001220703125,0.0,0,10.60,120.76,0.00,0.00,0.00,0.00,10.92,89,30,2400174,30,0,0.03,0.00,,
2025-09-14,21:20:44.742,53.2593623,50.2387911,0.0,167.20001220703125,0.0,0,9.50,120.76,0.10,0.01,1.21,0.00,10.05,89,31,2400175,30,0,0.04,0.00,,
2025-09-14,21:20:44.942,53.2593623,50.2387911,0.0,167.20001220703125,0.0,0,8.40,120.80,0.40,0.04,4.83,0.00,9.92,89,31,2400175,30,0,0.04,0.00,,
2025-09-14,21:20:45.141,53.2593623,50.2387911,0.0,167.20001220703125,0.0,0,7.70,120.72,0.80,0.08,9.66,0.00,10.33,89,31,2400175,30,0,0.06,0.00,,
2025-09-14,21:20:45.342,53.2593623,50.2387911,0.0,167.20001220703125,0.0,0,7.20,120.72,1.20,0.13,15.69,0.00,10.86,89,32,2400176,30,0,0.09,0.00,,
2025-09-14,21:20:45.542,53.2593623,50.2387911,0.0,167.20001220703125,0.0,0,7.00,120.76,1.30,0.15,18.11,0.00,11.90,89,32,2400176,30,0,0.10,0.00,,
2025-09-14,21:20:45.744,53.2593623,50.2387911,0.0,167.20001220703125,0.0,0,7.20,120.72,1.20,0.16,19.32,0.00,12.94,89,33,2400177,30,0,0.09,0.00,,
2025-09-14,21:20:45.945,53.2593623,50.2387911,0.0,167.20001220703125,0.0,0,7.70,120.72,1.10,0.16,19.32,0.00,14.12,89,33,2400177,30,0,0.10,0.00,,
2025-09-14,21:20:46.182,53.2593623,50.2387911,0.0,167.20001220703125,0.0,0,8.40,120.76,0.90,0.13,15.70,0.00,14.56,89,34,2400178,30,0,0.08,0.00,,
2025-09-14,21:20:46.347,53.2593623,50.2387911,0.0,167.20001220703125,0.0,0,9.10,120.72,1.00,0.15,18.11,0.00,15.37,89,34,2400178,30,0,0.10,0.00,,
2025-09-14,21:20:46.582,53.2593623,50.2387911,0.0,167.20001220703125,0.0,0,9.70,120.76,1.30,0.22,26.57,0.00,16.70,89,35,2400179,30,0,0.11,0.00,,
2025-09-14,21:20:46.762,53.2593623,50.2387911,0.0,167.20001220703125,0.0,0,10.30,120.68,0.90,0.16,19.31,0.00,17.69,89,36,2400180,30,0,0.09,0.00,,
2025-09-14,21:20:46.962,53.2593623,50.2387911,0.0,167.20001220703125,0.0,0,11.00,120.72,1.40,0.27,32.59,0.00,19.05,89,36,2400180,30,0,0.11,0.00,,
2025-09-14,21:20:47.151,53.2593623,50.2387911,0.0,167.20001220703125,0.0,0,11.90,120.68,1.80,0.38,45.86,0.00,21.02,89,37,2400181,30,0,0.13,0.00,,
2025-09-14,21:20:47.367,53.2593623,50.2387911,0.0,167.20001220703125,0.0,0,13.00,120.64,2.50,0.60,72.38,0.00,24.17,89,38,2400182,30,0,0.18,0.00,,
2025-09-14,21:20:47.562,53.2593623,50.2387911,0.0,167.20001220703125,0.0,0,14.40,120.64,2.60,0.72,86.86,0.00,27.50,89,39,2400183,30,0,0.19,0.00,,
2025-09-14,21:20:47.762,53.2593623,50.2387911,0.0,167.20001220703125,0.0,0,16.30,120.64,2.40,0.73,88.07,0.00,30.50,89,40,2400184,30,0,0.16,0.00,,
2025-09-14,21:20:47.962,53.2593623,50.2387911,0.0,167.20001220703125,0.0,0,18.50,120.55,2.60,0.87,104.88,0.00,33.60,88,41,2400185,30,0,0.17,0.00,,
2025-09-14,21:20:48.163,53.2593623,50.2387911,0.0,167.20001220703125,0.0,0,20.90,120.59,1.80,0.66,79.59,0.00,36.65,88,43,2400187,30,0,0.14,0.00,,
2025-09-14,21:20:48.363,53.2593623,50.2387911,0.0,167.20001220703125,0.0,0,23.30,120.51,2.10,0.82,98.82,0.00,39.25,88,44,2400188,30,0,0.14,0.00,,
2025-09-14,21:20:48.564,53.2593623,50.2387911,0.0,167.20001220703125,0.0,0,25.60,120.64,2.90,1.24,149.59,0.00,42.92,89,46,2400190,30,0,0.19,0.00,,
2025-09-14,21:20:48.782,53.2593623,50.2387911,0.0,167.20001220703125,0.0,0,28.00,120.39,3.10,1.43,172.16,0.00,46.01,88,48,2400192,30,0,0.20,0.00,,
2025-09-14,21:20:48.980,53.2593623,50.2387911,0.0,167.20001220703125,0.0,0,30.40,120.55,2.00,0.99,119.34,0.00,49.26,88,50,2400194,30,0,0.16,0.00,,
2025-09-14,21:20:49.181,53.2593623,50.2387911,0.0,167.20001220703125,0.0,0,32.90,120.39,3.40,1.83,220.31,0.00,53.82,88,52,2400196,30,0,0.21,0.00,,
2025-09-14,21:20:49.390,53.2593623,50.2387911,0.0,167.20001220703125,0.0,0,35.50,120.55,2.00,1.13,136.22,0.00,56.65,88,54,2400198,30,0,0.16,0.00,,
2025-09-14,21:20:49.604,53.2593623,50.2387911,0.0,167.20001220703125,0.0,0,38.30,120.55,1.90,1.14,137.43,0.00,59.86,88,57,2400201,30,0,0.16,0.00,,
2025-09-14,21:20:49.805,53.2593623,50.2387911,0.0,167.20001220703125,0.0,0,41.10,120.39,3.00,1.89,227.54,0.00,63.06,88,59,2400203,31,0,0.18,0.00,,
2025-09-14,21:20:50.008,53.2593623,50.2387911,0.0,167.20001220703125,0.0,0,43.70,120.43,2.70,1.78,214.37,0.00,65.97,88,62,2400206,30,0,0.17,0.00,,
2025-09-14,21:20:50.217,53.2593623,50.2387911,0.0,167.20001220703125,0.0,0,45.90,120.59,3.40,2.33,280.97,0.00,68.40,88,65,2400209,30,0,0.19,0.00,,
2025-09-14,21:20:50.402,53.2593623,50.2387911,0.0,167.20001220703125,0.0,0,48.10,119.85,4.10,2.90,347.57,0.00,70.64,85,68,2400212,31,0,0.23,0.00,,
2025-09-14,21:20:50.626,53.135135000000005,49.97535333333334,97.20282211303712,1031.8,97.45,22385,50.40,120.22,4.20,2.98,358.26,0.00,70.94,87,71,2400215,31,0,0.22,0.00,,
2025-09-14,21:20:50.818,53.135135000000005,49.97535333333334,97.20282211303712,1031.8,97.45,22385,52.70,120.47,2.70,1.95,234.92,0.00,72.16,88,74,2400218,31,0,0.20,0.00,,
2025-09-14,21:20:51.020,53.135135000000005,49.97535333333334,97.20282211303712,1031.8,97.45,22385,54.90,120.30,2.40,1.75,210.53,0.00,72.88,87,77,2400221,31,0,0.18,0.00,,
2025-09-14,21:20:51.223,53.135135000000005,49.97535333333334,97.20282211303712,1031.8,97.45,22385,56.80,120.22,3.80,2.83,340.22,0.00,74.44,87,81,2400225,31,0,0.21,0.00,,
2025-09-14,21:20:51.422,53.135135000000005,49.97535333333334,97.20282211303712,1031.8,97.45,22385,58.20,120.59,3.20,2.35,283.39,0.00,73.50,88,84,2400228,31,0,0.20,0.00,,
2025-09-14,21:20:51.629,53.13500666666667,49.97572166666667,98.41653671264649,1015.2,98.68,22414,59.00,120.43,2.20,1.64,197.51,0.00,74.45,88,87,2400231,31,0,0.19,0.00,,
2025-09-14,21:20:51.835,53.13500666666667,49.97572166666667,98.41653671264649,1015.2,98.68,22414,59.70,120.05,5.70,4.31,517.42,0.00,75.62,86,91,2400235,31,0,0.27,0.00,,
2025-09-14,21:20:52.039,53.13500666666667,49.97572166666667,98.41653671264649,1015.2,98.68,22414,60.50,120.39,3.60,2.74,329.87,0.00,76.18,88,94,2400238,31,0,0.27,0.00,,
2025-09-14,21:20:52.238,53.13500666666667,49.97572166666667,98.41653671264649,1015.2,98.68,22414,61.50,120.01,5.10,3.97,476.44,0.00,77.89,86,98,2400242,31,0,0.27,0.00,,
2025-09-14,21:20:52.438,53.13500666666667,49.97572166666667,98.41653671264649,1015.2,98.68,22414,62.70,120.72,2.80,2.15,259.55,0.00,76.68,89,101,2400245,31,0,0.22,0.00,,
2025-09-14,21:20:52.638,53.13491666666667,49.976090000000006,98.83902282714844,1009.3,99.54,22440,63.60,120.34,4.00,3.09,371.85,0.00,77.25,87,105,2400249,31,0,0.22,0.00,,
2025-09-14,21:20:52.843,53.13491666666667,49.976090000000006,98.83902282714844,1009.3,99.54,22440,63.90,120.80,2.30,1.75,211.40,0.00,75.97,89,108,2400252,31,0,0.19,0.00,,
2025-09-14,21:20:53.047,53.13491666666667,49.976090000000006,98.83902282714844,1009.3,99.54,22440,63.70,120.22,3.50,2.68,322.19,0.00,76.62,87,112,2400256,31,0,0.21,0.00,,
2025-09-14,21:20:53.251,53.13491666666667,49.976090000000006,98.83902282714844,1009.3,99.54,22440,63.30,120.55,3.90,2.96,356.83,0.00,76.00,88,115,2400259,31,0,0.24,0.00,,
2025-09-14,21:20:53.411,53.13491666666667,49.976090000000006,98.83902282714844,1009.3,99.54,22440,63.20,120.39,3.30,2.53,304.59,0.00,76.53,88,119,2400263,31,0,0.22,0.00,,
2025-09-14,21:20:53.616,53.13484833333334,49.97647833333334,99.2114730834961,1010.3,99.83,22467,63.20,120.47,4.60,3.54,426.46,0.00,76.90,88,123,2400267,31,0,0.25,0.00,,
2025-09-14,21:20:53.820,53.13484833333334,49.97647833333334,99.2114730834961,1010.3,99.83,22467,63.50,120.34,2.50,1.93,232.26,0.00,77.00,87,126,2400270,31,0,0.21,0.00,,
2025-09-14,21:20:54.070,53.13484833333334,49.97647833333334,99.2114730834961,1010.3,99.83,22467,63.70,120.30,5.20,4.00,481.20,0.00,76.84,87,130,2400274,31,0,0.27,0.00,,
2025-09-14,21:20:54.270,53.13484833333334,49.97647833333334,99.2114730834961,1010.3,99.83,22467,64.00,120.51,2.70,2.10,253.07,0.00,77.62,88,133,2400277,31,0,0.22,0.00,,
2025-09-14,21:20:54.430,53.13484833333334,49.97647833333334,99.2114730834961,1010.3,99.83,22467,64.10,120.43,5.00,3.86,464.86,0.00,77.26,88,137,2400281,31,0,0.27,0.00,,
2025-09-14,21:20:54.635,53.13484833333334,49.97647833333334,99.47644958496095,1010.3,99.97,22467,64.30,120.18,3.40,2.63,316.07,0.00,77.26,87,140,2400284,31,0,0.23,0.00,,
2025-09-14,21:20:54.838,53.13484833333334,49.97647833333334,99.47644958496095,1010.3,99.97,22467,64.60,120.47,4.70,3.64,438.51,0.00,77.42,88,144,2400288,31,0,0.26,0.00,,
2025-09-14,21:20:55.043,53.13484833333334,49.97647833333334,99.47644958496095,1010.3,99.97,22467,64.70,120.39,3.20,2.47,297.36,0.00,77.34,88,148,2400292,31,0,0.22,0.00,,
2025-09-14,21:20:55.246,53.13484833333334,49.97647833333334,99.47644958496095,1010.3,99.97,22467,64.90,120.43,4.90,3.80,457.63,0.00,77.46,88,151,2400295,31,0,0.28,0.00,,
2025-09-14,21:20:55.451,53.13484833333334,49.97647833333334,99.36897583007813,1010.3,100.17,22467,65.00,120.30,4.10,3.21,386.16,0.00,78.24,87,155,2400299,31,0,0.25,0.00,,
2025-09-14,21:20:55.652,53.13484833333334,49.97647833333334,99.36897583007813,1010.3,100.17,22467,65.20,120.47,4.30,3.36,404.78,0.00,78.08,88,159,2400303,31,0,0.28,0.00,,
2025-09-14,21:20:55.866,53.13484833333334,49.97647833333334,99.36897583007813,1010.3,100.17,22467,65.50,119.80,5.90,4.68,560.66,0.00,79.29,85,162,2400306,31,0,0.31,0.00,,
2025-09-14,21:20:56.075,53.13484833333334,49.97647833333334,99.36897583007813,1010.3,100.17,22467,66.10,120.68,3.10,2.46,296.87,0.00,79.29,89,166,2400310,31,0,0.27,0.00,,
2025-09-14,21:20:56.271,53.13484833333334,49.97647833333334,99.36897583007813,1010.3,100.17,22467,66.60,120.10,5.90,4.70,564.47,0.00,79.73,86,170,2400314,31,0,0.31,0.00,,
2025-09-14,21:20:56.491,53.13484833333334,49.97647833333334,100.46039199829102,1010.3,101.59,22467,67.20,120.05,4.40,3.57,428.58,0.00,81.04,86,174,2400318,31,0,0.30,0.00,,
2025-09-14,21:20:56.682,53.13484833333334,49.97647833333334,100.46039199829102,1010.3,101.59,22467,67.80,120.68,3.70,2.97,358.42,0.00,80.28,89,177,2400321,31,0,0.27,0.00,,
2025-09-14,21:20:56.893,53.13484833333334,49.97647833333334,100.46039199829102,1010.3,101.59,22467,68.60,120.30,6.00,4.86,584.66,0.00,81.05,87,181,2400325,31,0,0.32,0.00,,
2025-09-14,21:20:57.081,53.13484833333334,49.97647833333334,100.46039199829102,1010.3,101.59,22467,69.20,119.72,7.00,5.71,683.60,0.00,81.54,85,185,2400329,31,0,0.33,0.00,,
2025-09-14,21:20:57.286,53.13484833333334,49.97647833333334,100.46039199829102,1010.3,101.59,22467,69.90,120.10,4.80,3.94,473.19,0.00,82.04,86,189,2400333,31,0,0.30,0.00,,
2025-09-14,21:20:57.445,53.13484833333334,49.97647833333334,100.46039199829102,1010.3,101.59,22467,70.80,120.59,3.30,2.73,329.21,0.00,82.74,88,193,2400337,31,0,0.29,0.00,,
2025-09-14,21:20:57.693,53.13484833333334,49.97647833333334,100.1268539428711,1010.3,103.51,22467,71.70,120.34,5.80,4.80,577.63,0.00,82.68,87,197,2400341,31,0,0.32,0.00,,
2025-09-14,21:20:57.859,53.13484833333334,49.97647833333334,100.1268539428711,1010.3,103.51,22467,72.60,120.39,7.10,6.03,725.95,0.00,84.88,88,201,2400345,31,0,0.33,0.00,,
2025-09-14,21:20:58.066,53.13484833333334,49.97647833333334,100.1268539428711,1010.3,103.51,22467,74.10,120.22,7.40,6.36,764.60,0.00,85.88,87,206,2400350,31,0,0.21,0.00,,
2025-09-14,21:20:58.270,53.13484833333334,49.97647833333334,100.1268539428711,1010.3,103.51,22467,75.60,120.59,8.00,7.01,845.34,0.00,87.64,88,211,2400355,31,0,0.00,0.00,,
2025-09-14,21:20:58.476,53.13484833333334,49.97647833333334,100.33439254760742,1010.3,104.06,22467,77.80,119.64,9.70,8.89,1063.60,0.00,91.60,85,215,2400359,31,0,-0.15,0.00,,
2025-09-14,21:20:58.686,53.13484833333334,49.97647833333334,100.33439254760742,1010.3,104.06,22467,81.30,118.10,18.70,18.70,2208.47,0.00,100.00,78,220,2400364,31,0,-0.12,0.00,,
2025-09-14,21:20:58.885,53.13484833333334,49.97647833333334,100.33439254760742,1010.3,104.06,22467,86.70,119.35,8.20,8.20,978.67,0.00,100.00,83,226,2400370,31,0,0.87,0.00,,
2025-09-14,21:20:59.088,53.13484833333334,49.97647833333334,100.33439254760742,1010.3,104.06,22467,92.90,118.89,9.90,9.90,1177.01,0.00,100.00,81,232,2400376,31,0,0.54,0.00,,
2025-09-14,21:20:59.294,53.13484833333334,49.97647833333334,100.33439254760742,1010.3,104.06,22467,97.20,119.10,8.40,8.40,1000.44,0.00,100.00,82,237,2400381,31,0,1.16,0.00,,
2025-09-14,21:20:59.501,53.13484833333334,49.97647833333334,100.52525253295899,1010.3,104.68,22467,99.40,119.26,9.40,9.40,1121.04,0.00,100.00,83,243,2400387,31,0,0.61,0.00,,
2025-09-14,21:20:59.699,53.13484833333334,49.97647833333334,100.52525253295899,1010.3,104.68,22467,100.50,119.76,8.70,8.70,1041.91,0.00,100.00,85,249,2400393,31,0,0.91,0.00,,
2025-09-14,21:20:59.902,53.13484833333334,49.97647833333334,100.52525253295899,1010.3,104.68,22467,101.20,119.56,9.00,9.00,1076.04,0.00,100.00,84,254,2400398,31,0,0.97,0.00,,
2025-09-14,21:21:00.109,53.13484833333334,49.97647833333334,100.52525253295899,1010.3,104.68,22467,101.60,120.68,9.00,9.00,1086.12,0.00,100.00,89,260,2400404,31,0,0.63,0.00,,
2025-09-14,21:21:00.325,53.13484833333334,49.97647833333334,100.52525253295899,1010.3,104.68,22467,101.60,119.47,9.40,9.40,1123.02,0.00,100.00,84,266,2400410,31,0,0.96,0.00,,
2025-09-14,21:21:00.501,53.13484833333334,49.97647833333334,100.26397705078125,1010.3,105.35,22467,101.70,120.10,9.80,9.80,1176.98,0.00,100.00,86,271,2400415,31,0,0.77,0.00,,
2025-09-14,21:21:00.705,53.13484833333334,49.97647833333334,100.26397705078125,1010.3,105.35,22467,101.70,119.35,8.20,8.20,978.67,0.00,100.00,83,277,2400421,31,0,0.77,0.00,,
2025-09-14,21:21:00.871,53.13484833333334,49.97647833333334,100.26397705078125,1010.3,105.35,22467,101.40,122.13,9.00,7.97,973.38,0.00,88.54,95,282,2400426,31,0,6.02,0.00,,
2025-09-14,21:21:01.113,53.13484833333334,49.97647833333334,100.26397705078125,1010.3,105.35,22467,96.60,121.88,8.10,6.15,749.56,0.00,75.96,94,286,2400430,31,0,1.61,0.00,,
2025-09-14,21:21:01.283,53.13484833333334,49.97647833333334,100.26397705078125,1010.3,105.35,22467,85.80,121.26,7.60,4.70,569.92,0.00,61.81,91,289,2400433,31,0,2.22,0.00,,
2025-09-14,21:21:01.489,53.13484833333334,49.97647833333334,100.16206512451173,1010.3,106.16,22467,72.00,121.13,7.50,3.30,399.73,0.00,44.02,91,292,2400436,31,0,2.00,0.00,,
2025-09-14,21:21:01.693,53.13484833333334,49.97647833333334,100.16206512451173,1010.3,106.16,22467,57.80,120.97,7.70,2.04,246.78,0.00,26.54,90,294,2400438,31,0,2.28,0.00,,
2025-09-14,21:21:01.903,53.13484833333334,49.97647833333334,100.16206512451173,1010.3,106.16,22467,44.00,120.84,7.70,0.75,90.63,0.00,9.78,90,294,2400438,31,0,2.90,0.00,,
2025-09-14,21:21:02.109,53.13484833333334,49.97647833333334,100.16206512451173,1010.3,106.16,22467,30.60,120.76,0.00,0.00,0.00,0.00,0.00,89,295,2400439,31,0,-0.23,0.00,,
2025-09-14,21:21:02.311,53.13484833333334,49.97647833333334,100.16206512451173,1010.3,106.16,22467,18.30,120.72,0.00,0.00,0.00,0.00,0.00,89,295,2400439,31,0,0.84,0.00,,
2025-09-14,21:21:02.501,53.13484833333334,49.97647833333334,101.16638717651368,1010.3,106.87,22467,9.70,120.76,0.00,0.00,0.00,0.00,0.00,89,295,2400439,31,0,0.84,0.00,,
2025-09-14,21:21:02.721,53.13484833333334,49.97647833333334,101.16638717651368,1010.3,106.87,22467,5.10,120.76,0.00,0.00,0.00,0.00,0.00,89,295,2400439,31,0,1.35,0.00,,
2025-09-14,21:21:02.907,53.13484833333334,49.97647833333334,101.16638717651368,1010.3,106.87,22467,2.60,120.76,0.00,0.00,0.00,0.00,0.00,89,295,2400439,31,0,1.37,0.00,,
2025-09-14,21:21:03.115,53.13484833333334,49.97647833333334,101.16638717651368,1010.3,106.87,22467,1.40,120.76,0.00,0.00,0.00,0.00,0.00,89,295,2400439,31,0,1.19,0.00,,
2025-09-14,21:21:03.307,53.13484833333334,49.97647833333334,101.16638717651368,1010.3,106.87,22467,0.70,120.76,0.00,0.00,0.00,0.00,0.00,89,295,2400439,31,0,1.07,0.00,,
2025-09-14,21:21:03.513,53.13484833333334,49.97647833333334,101.2090072631836,1010.3,107.61,22467,0.30,120.76,0.00,0.00,0.00,0.00,0.00,89,295,2400439,31,0,0.63,0.00,,
2025-09-14,21:21:03.701,53.13484833333334,49.97647833333334,101.2090072631836,1010.3,107.61,22467,0.10,120.76,0.00,0.00,0.00,0.00,0.00,89,295,2400439,31,0,1.16,0.00,,
2025-09-14,21:21:03.917,53.13484833333334,49.97647833333334,101.2090072631836,1010.3,107.61,22467,0.00,119.72,0.00,0.00,0.00,0.00,0.00,85,295,2400439,31,0,1.59,0.00,,
2025-09-14,21:21:04.104,53.13484833333334,49.97647833333334,101.2090072631836,1010.3,107.61,22467,0.00,120.76,0.00,0.00,0.00,0.00,0.00,89,295,2400439,31,0,1.85,0.00,,
2025-09-14,21:21:04.293,53.13484833333334,49.97647833333334,101.2090072631836,1010.3,107.61,22467,0.00,120.89,0.00,0.00,0.00,0.00,0.00,90,295,2400439,31,0,1.58,0.00,,
2025-09-14,21:21:04.512,53.13484833333334,49.97647833333334,101.50363311767579,1010.3,108.73,22467,0.00,120.80,0.00,0.00,0.00,0.00,0.00,89,295,2400439,31,0,1.67,0.00,,
2025-09-14,21:21:04.711,53.13484833333334,49.97647833333334,101.50363311767579,1010.3,108.73,22467,0.00,120.72,0.00,0.00,0.00,0.00,0.00,89,295,2400439,31,0,1.48,0.00,,
2025-09-14,21:21:04.927,53.13484833333334,49.97647833333334,101.50363311767579,1010.3,108.73,22467,0.00,120.76,0.00,0.00,0.00,0.00,0.00,89,295,2400439,31,0,2.15,0.00,,
2025-09-14,21:21:05.103,53.13484833333334,49.97647833333334,101.50363311767579,1010.3,108.73,22467,0.00,120.80,0.00,0.00,0.00,0.00,0.00,89,295,2400439,31,0,0.85,0.00,,
2025-09-14,21:21:05.327,53.13484833333334,49.97647833333334,101.50363311767579,1010.3,108.73,22467,0.00,120.76,0.00,0.00,0.00,0.00,0.00,89,295,2400439,31,0,0.83,0.00,,
2025-09-14,21:21:05.511,53.13484833333334,49.97647833333334,101.43321762084962,1010.3,109.68,22467,0.00,120.80,0.00,0.00,0.00,0.00,0.00,89,295,2400439,31,0,1.21,0.00,,
2025-09-14,21:21:05.713,53.13484833333334,49.97647833333334,101.43321762084962,1010.3,109.68,22467,0.00,120.72,0.00,0.00,0.00,0.00,0.00,89,295,2400439,31,0,1.93,0.00,,
2025-09-14,21:21:05.905,53.13484833333334,49.97647833333334,101.43321762084962,1010.3,109.68,22467,0.00,120.76,0.00,0.00,0.00,0.00,0.00,89,295,2400439,31,0,1.14,0.00,,
2025-09-14,21:21:06.109,53.13484833333334,49.97647833333334,101.43321762084962,1010.3,109.68,22467,0.00,120.80,0.00,0.00,0.00,0.00,0.00,89,295,2400439,31,0,0.46,0.00,,
2025-09-14,21:21:06.304,53.13484833333334,49.97647833333334,101.43321762084962,1010.3,109.68,22467,0.00,120.76,0.00,0.00,0.00,0.00,0.00,89,295,2400439,31,0,0.00,0.00,,
2025-09-14,21:21:06.511,53.13484833333334,49.97647833333334,100.3455093383789,1010.3,110.38,22467,0.00,120.59,0.00,0.00,0.00,0.00,0.00,88,295,2400439,31,0,-5.44,0.00,,
2025-09-14,21:21:06.710,53.13484833333334,49.97647833333334,100.3455093383789,1010.3,110.38,22467,0.00,120.76,0.00,0.00,0.00,0.00,0.00,89,295,2400439,31,0,-4.76,0.00,,
2025-09-14,21:21:06.926,53.13484833333334,49.97647833333334,100.3455093383789,1010.3,110.38,22467,0.00,120.72,0.00,0.00,0.00,0.00,0.00,89,295,2400439,31,0,-5.73,0.00,,
2025-09-14,21:21:07.126,53.13484833333334,49.97647833333334,100.3455093383789,1010.3,110.38,22467,0.00,120.80,0.00,0.00,0.00,0.00,0.00,89,295,2400439,31,0,-2.01,0.00,,
2025-09-14,21:21:07.326,53.13484833333334,49.97647833333334,100.3455093383789,1010.3,110.38,22467,0.00,120.76,0.00,0.00,0.00,0.00,0.00,89,295,2400439,31,0,-1.10,0.00,,
2025-09-14,21:21:07.520,53.13484833333334,49.97647833333334,100.18615264892578,1010.3,110.87,22467,0.00,120.68,0.00,0.00,0.00,0.00,0.00,89,295,2400439,31,0,2.68,0.00,,
2025-09-14,21:21:07.746,53.13484833333334,49.97647833333334,100.18615264892578,1010.3,110.87,22467,0.00,120.80,0.00,0.00,0.00,0.00,0.00,89,295,2400439,31,0,1.40,0.00,,
2025-09-14,21:21:07.925,53.13484833333334,49.97647833333334,100.18615264892578,1010.3,110.87,22467,0.00,120.76,0.00,0.00,0.00,0.00,0.00,89,295,2400439,31,0,2.97,0.00,,
2025-09-14,21:21:08.126,53.13484833333334,49.97647833333334,100.18615264892578,1010.3,110.87,22467,0.00,120.76,0.00,0.00,0.00,0.00,0.00,89,295,2400439,31,0,5.86,0.00,,
2025-09-14,21:21:08.326,53.13484833333334,49.97647833333334,100.18615264892578,1010.3,110.87,22467,0.00,120.80,0.00,0.00,0.00,0.00,0.00,89,295,2400439,31,0,10.64,0.00,,
2025-09-14,21:21:08.525,53.13484833333334,49.97647833333334,99.76552047729493,1010.3,111.55,22467,0.00,120.76,0.00,0.00,0.00,0.00,0.00,89,295,2400439,31,0,16.43,0.00,,
2025-09-14,21:21:08.724,53.13484833333334,49.97647833333334,99.76552047729493,1010.3,111.55,22467,0.00,120.72,0.00,0.00,0.00,0.00,0.00,89,295,2400439,31,0,24.71,0.00,,
2025-09-14,21:21:08.925,53.13484833333334,49.97647833333334,99.76552047729493,1010.3,111.55,22467,0.00,120.72,0.00,0.00,0.00,0.00,0.00,89,295,2400439,31,0,32.87,0.00,,
2025-09-14,21:21:09.130,53.13484833333334,49.97647833333334,99.76552047729493,1010.3,111.55,22467,0.00,120.76,0.00,0.00,0.00,0.00,0.00,89,295,2400439,31,0,39.49,0.00,,
2025-09-14,21:21:09.330,53.13484833333334,49.97647833333334,99.76552047729493,1010.3,111.55,22467,0.00,120.80,0.00,0.00,0.00,0.00,0.00,89,295,2400439,31,0,44.39,0.00,,
2025-09-14,21:21:09.535,53.13484833333334,49.97647833333334,99.99158477783203,1010.3,112.01,22467,0.00,120.76,0.00,0.00,0.00,0.00,0.00,89,295,2400439,31,0,34.30,0.00,,
2025-09-14,21:21:09.747,53.13484833333334,49.97647833333334,99.99158477783203,1010.3,112.01,22467,0.00,120.76,0.00,0.00,0.00,0.00,0.00,89,295,2400439,31,0,13.13,0.00,,
2025-09-14,21:21:09.946,53.13484833333334,49.97647833333334,99.99158477783203,1010.3,112.01,22467,0.00,120.80,0.00,0.00,0.00,0.00,0.00,89,295,2400439,31,0,-10.18,0.00,,
2025-09-14,21:21:10.141,53.13484833333334,49.97647833333334,99.99158477783203,1010.3,112.01,22467,0.00,120.76,0.00,0.00,0.00,0.00,0.00,89,295,2400439,31,0,-23.97,0.00,,
2025-09-14,21:21:10.345,53.13484833333334,49.97647833333334,99.99158477783203,1010.3,112.01,22467,0.00,120.68,0.00,0.00,0.00,0.00,0.00,89,295,2400439,31,0,-31.20,0.00,,
2025-09-14,21:21:10.545,53.13484833333334,49.97647833333334,99.50795288085938,1010.3,112.86,22467,0.00,120.76,0.00,0.00,0.00,0.00,0.00,89,295,2400439,31,0,-20.99,0.00,,
2025-09-14,21:21:10.766,53.13484833333334,49.97647833333334,99.50795288085938,1010.3,112.86,22467,0.00,120.76,0.00,0.00,0.00,0.00,0.00,89,295,2400439,31,0,-0.29,0.00,,
2025-09-14,21:21:10.946,53.13484833333334,49.97647833333334,99.50795288085938,1010.3,112.86,22467,0.00,120.84,0.00,0.00,0.00,0.00,0.00,90,295,2400439,31,0,24.45,0.00,,
2025-09-14,21:21:11.145,53.13484833333334,49.97647833333334,99.50795288085938,1010.3,112.86,22467,0.00,120.84,0.00,0.00,0.00,0.00,0.00,90,295,2400439,32,0,45.07,0.00,,
2025-09-14,21:21:11.346,53.13484833333334,49.97647833333334,99.50795288085938,1010.3,112.86,22467,0.00,120.76,0.00,0.00,0.00,0.00,0.00,89,295,2400439,31,0,56.56,0.00,,
2025-09-14,21:21:11.566,53.13484833333334,49.97647833333334,100.0064094543457,1010.3,113.01,22467,0.00,120.68,0.00,0.00,0.00,0.00,0.00,89,295,2400439,31,0,60.01,0.00,,
2025-09-14,21:21:11.746,53.13484833333334,49.97647833333334,100.0064094543457,1010.3,113.01,22467,0.00,120.80,0.00,0.00,0.00,0.00,0.00,89,295,2400439,32,0,60.00,0.00,,
2025-09-14,21:21:11.955,53.13484833333334,49.97647833333334,100.0064094543457,1010.3,113.01,22467,0.00,120.97,0.00,0.00,0.00,0.00,0.00,90,295,2400439,32,0,62.84,0.00,,
2025-09-14,21:21:12.155,53.13484833333334,49.97647833333334,100.0064094543457,1010.3,113.01,22467,0.00,120.80,0.00,0.00,0.00,0.00,0.00,89,295,2400439,32,0,66.60,0.00,,
2025-09-14,21:21:12.368,53.13484833333334,49.97647833333334,100.0064094543457,1010.3,113.01,22467,0.00,120.80,0.00,0.00,0.00,0.00,0.00,89,295,2400439,32,0,69.41,0.00,,
2025-09-14,21:21:12.575,53.13484833333334,49.97647833333334,100.61975555419922,1010.3,113.61,22467,0.00,120.76,0.00,0.00,0.00,0.00,0.00,89,295,2400439,32,0,67.47,0.00,,
2025-09-14,21:21:12.760,53.13484833333334,49.97647833333334,100.61975555419922,1010.3,113.61,22467,0.00,120.80,0.00,0.00,0.00,0.00,0.00,89,295,2400439,32,0,53.72,0.00,,
2025-09-14,21:21:12.966,53.13484833333334,49.97647833333334,100.61975555419922,1010.3,113.61,22467,0.00,120.76,0.00,0.00,0.00,0.00,0.00,89,295,2400439,32,0,28.10,0.00,,
2025-09-14,21:21:13.165,53.13484833333334,49.97647833333334,100.61975555419922,1010.3,113.61,22467,0.00,120.84,0.00,0.00,0.00,0.00,0.00,90,295,2400439,32,0,6.47,0.00,,
2025-09-14,21:21:13.366,53.13484833333334,49.97647833333334,100.61975555419922,1010.3,113.61,22467,0.00,120.64,4.30,0.11,13.27,0.00,2.66,89,295,2400439,32,0,-2.04,0.00,,
2025-09-14,21:21:13.565,53.13484833333334,49.97647833333334,99.47830352783204,1010.3,114.19,22467,0.10,120.72,0.60,0.00,0.00,0.00,0.50,89,295,2400439,32,0,-0.03,0.00,,
2025-09-14,21:21:13.765,53.13484833333334,49.97647833333334,99.47830352783204,1010.3,114.19,22467,0.10,120.76,0.80,0.01,1.21,0.00,1.14,89,295,2400439,32,0,0.03,0.00,,
2025-09-14,21:21:13.965,53.13484833333334,49.97647833333334,99.47830352783204,1010.3,114.19,22467,0.00,120.72,3.00,0.08,9.66,0.00,2.54,89,295,2400439,32,0,0.15,0.00,,
2025-09-14,21:21:14.165,53.13484833333334,49.97647833333334,99.47830352783204,1010.3,114.19,22467,0.00,120.68,4.70,0.15,18.10,0.00,3.20,89,295,2400439,32,0,0.23,0.00,,
2025-09-14,21:21:14.366,53.13484833333334,49.97647833333334,99.47830352783204,1010.3,114.19,22467,0.10,120.68,3.30,0.10,12.07,0.00,3.09,89,295,2400439,32,0,0.20,0.00,,
2025-09-14,21:21:14.576,53.13484833333334,49.97647833333334,99.2114730834961,1010.3,115.65,22467,0.30,120.68,3.10,0.09,10.86,0.00,2.88,89,295,2400439,32,0,0.15,0.00,,
2025-09-14,21:21:14.768,53.13484833333334,49.97647833333334,99.2114730834961,1010.3,115.65,22467,0.40,120.72,2.60,0.07,8.45,0.00,2.52,89,295,2400439,32,0,0.13,0.00,,
2025-09-14,21:21:14.969,53.13484833333334,49.97647833333334,99.2114730834961,1010.3,115.65,22467,0.40,120.68,3.30,0.08,9.65,0.00,2.57,89,295,2400439,32,0,0.17,0.00,,
2025-09-14,21:21:15.181,53.13484833333334,49.97647833333334,99.2114730834961,1010.3,115.65,22467,0.40,120.68,3.00,0.06,7.24,0.00,2.13,89,295,2400439,32,0,0.16,0.00,,
2025-09-14,21:21:15.406,53.13484833333334,49.97647833333334,99.2114730834961,1010.3,115.65,22467,0.30,120.68,3.00,0.06,7.24,0.00,2.08,89,295,2400439,32,0,0.16,0.00,,
2025-09-14,21:21:15.585,53.13484833333334,49.97647833333334,99.26150207519531,1010.3,117.08,22467,0.10,120.68,2.90,0.05,6.03,0.00,1.88,89,295,2400439,32,0,0.15,0.00,,
2025-09-14,21:21:15.786,53.13484833333334,49.97647833333334,99.26150207519531,1010.3,117.08,22467,0.00,120.68,1.80,0.03,3.62,0.00,1.41,89,295,2400439,32,0,0.10,0.00,,
2025-09-14,21:21:15.984,53.13484833333334,49.97647833333334,99.26150207519531,1010.3,117.08,22467,0.00,120.84,2.00,0.03,3.63,0.00,1.61,90,295,2400439,32,0,0.10,0.00,,
2025-09-14,21:21:16.453,53.13484833333334,49.97647833333334,99.26150207519531,1010.3,117.08,22467,0.00,120.68,1.50,0.02,2.41,0.00,1.10,89,295,2400439,32,0,0.07,0.00,,
2025-09-14,21:21:16.453,53.13484833333334,49.97647833333334,99.26150207519531,1010.3,117.08,22467,0.00,120.68,1.50,0.02,2.41,0.00,1.10,89,295,2400439,32,0,0.07,0.00,,
2025-09-14,21:21:16.583,53.13484833333334,49.97647833333334,99.71178359985352,1010.3,118.33,22467,0.00,120.72,0.10,0.00,0.00,0.00,0.12,89,295,2400439,32,0,0.00,0.00,,
2025-09-14,21:21:16.784,53.13484833333334,49.97647833333334,99.71178359985352,1010.3,118.33,22467,0.00,120.72,0.70,0.00,0.00,0.00,0.54,89,295,2400439,32,0,0.02,0.00,,
2025-09-14,21:21:16.986,53.13484833333334,49.97647833333334,99.71178359985352,1010.3,118.33,22467,0.00,120.72,1.50,0.01,1.21,0.00,0.97,89,295,2400439,32,0,0.06,0.00,,
2025-09-14,21:21:17.190,53.13484833333334,49.97647833333334,99.71178359985352,1010.3,118.33,22467,0.00,120.68,2.30,0.04,4.83,0.00,1.74,89,295,2400439,32,0,0.10,0.00,,
2025-09-14,21:21:17.406,53.13484833333334,49.97647833333334,99.71178359985352,1010.3,118.33,22467,0.00,121.05,2.20,0.04,4.84,0.00,1.74,90,295,2400439,32,0,0.10,0.00,,
2025-09-14,21:21:17.620,53.13484833333334,49.97647833333334,99.21703491210938,1010.3,118.77,22467,0.00,120.39,2.30,0.04,4.82,0.00,1.70,88,295,2400439,32,0,0.10,0.00,,
2025-09-14,21:21:18.171,53.13484833333334,49.97647833333334,99.21703491210938,1010.3,118.77,22467,0.00,120.68,0.70,0.00,0.00,0.00,0.48,89,295,2400439,32,0,0.02,0.00,,
2025-09-14,21:21:18.171,53.13484833333334,49.97647833333334,99.21703491210938,1010.3,118.77,22467,0.00,120.68,0.70,0.00,0.00,0.00,0.48,89,295,2400439,32,0,0.02,0.00,,
2025-09-14,21:21:18.221,53.13484833333334,49.97647833333334,99.21703491210938,1010.3,118.77,22467,0.00,120.72,1.50,0.02,2.41,0.00,1.32,89,295,2400439,32,0,0.06,0.00,,
2025-09-14,21:21:18.448,53.13484833333334,49.97647833333334,99.21703491210938,1010.3,118.77,22467,0.00,120.68,2.20,0.04,4.83,0.00,1.69,89,295,2400439,32,0,0.10,0.00,,
2025-09-14,21:21:18.597,53.13269666666667,49.986161666666675,99.7803451538086,982.9,118.43,23158,0.00,120.72,1.30,0.01,1.21,0.00,0.97,89,295,2400439,32,0,0.06,0.00,,
2025-09-14,21:21:18.814,53.13269666666667,49.986161666666675,99.7803451538086,982.9,118.43,23158,0.00,120.72,0.30,0.00,0.00,0.00,0.29,89,295,2400439,32,0,0.00,0.00,,
2025-09-14,21:21:19.011,53.13269666666667,49.986161666666675,99.7803451538086,982.9,118.43,23158,0.00,120.76,1.60,0.02,2.42,0.00,1.09,89,295,2400439,32,0,0.05,0.00,,
2025-09-14,21:21:19.206,53.13269666666667,49.986161666666675,99.7803451538086,982.9,118.43,23158,0.00,120.76,1.90,0.03,3.62,0.00,1.49,89,295,2400439,32,0,0.08,0.00,,
2025-09-14,21:21:19.405,53.13269666666667,49.986161666666675,99.7803451538086,982.9,118.43,23158,0.00,120.68,1.80,0.03,3.62,0.00,1.46,89,295,2400439,32,0,0.07,0.00,,
2025-09-14,21:21:19.611,53.13269666666667,49.986161666666675,99.40788803100587,982.9,118.88,23158,0.00,120.72,1.30,0.01,1.21,0.00,0.85,89,295,2400439,32,0,0.04,0.00,,
2025-09-14,21:21:19.822,53.13269666666667,49.986161666666675,99.40788803100587,982.9,118.88,23158,0.00,120.68,1.70,0.02,2.41,0.00,1.46,89,295,2400439,32,0,0.07,0.00,,
2025-09-14,21:21:20.039,53.13269666666667,49.986161666666675,99.40788803100587,982.9,118.88,23158,0.00,120.68,2.40,0.04,4.83,0.00,1.81,89,295,2400439,32,0,0.10,0.00,,
2025-09-14,21:21:20.207,53.13269666666667,49.986161666666675,99.40788803100587,982.9,118.88,23158,0.00,120.68,2.30,0.04,4.83,0.00,1.82,89,295,2400439,32,0,0.10,0.00,,
2025-09-14,21:21:20.426,53.13269666666667,49.986161666666675,99.40788803100587,982.9,118.88,23158,0.00,120.68,1.30,0.01,1.21,0.00,0.90,89,295,2400439,32,0,0.05,0.00,,
2025-09-14,21:21:20.625,53.132443333333335,49.98684,98.49621505737305,981.5,118.29,23212,0.00,120.68,0.50,0.00,0.00,0.00,0.20,89,295,2400439,32,0,0.01,0.00,,
2025-09-14,21:21:20.820,53.132443333333335,49.98684,98.49621505737305,981.5,118.29,23212,0.00,120.68,0.50,0.00,0.00,0.00,0.12,89,295,2400439,32,0,0.00,0.00,,
2025-09-14,21:21:21.026,53.132443333333335,49.98684,98.49621505737305,981.5,118.29,23212,0.00,120.68,0.20,0.00,0.00,0.00,0.30,89,295,2400439,32,0,-0.02,0.00,,
2025-09-14,21:21:21.226,53.132443333333335,49.98684,98.49621505737305,981.5,118.29,23212,0.00,120.76,0.80,0.01,1.21,0.00,0.92,89,295,2400439,32,0,-0.05,0.00,,
2025-09-14,21:21:21.426,53.132443333333335,49.98684,98.49621505737305,981.5,118.29,23212,0.00,120.72,0.10,0.00,0.00,0.00,0.49,89,295,2400439,32,0,-0.04,0.00,,
2025-09-14,21:21:21.625,53.132310000000004,49.98716666666666,98.41653671264649,982.3,118.95,23238,0.00,120.68,0.10,0.00,0.00,0.00,0.13,89,295,2400439,32,0,-0.02,0.00,,
2025-09-14,21:21:21.826,53.132310000000004,49.98716666666666,98.41653671264649,982.3,118.95,23238,0.00,120.68,0.00,0.00,0.00,0.00,0.06,89,295,2400439,32,0,-0.02,0.00,,
2025-09-14,21:21:22.027,53.132310000000004,49.98716666666666,98.41653671264649,982.3,118.95,23238,0.00,120.76,0.80,0.01,1.21,0.00,0.77,89,295,2400439,32,0,0.00,0.00,,
2025-09-14,21:21:22.230,53.132310000000004,49.98716666666666,98.41653671264649,982.3,118.95,23238,0.00,120.72,1.70,0.02,2.41,0.00,1.45,89,295,2400439,32,0,0.06,0.00,,
2025-09-14,21:21:22.430,53.132310000000004,49.98716666666666,98.41653671264649,982.3,118.95,23238,0.00,120.89,1.00,0.01,1.21,0.00,0.82,90,295,2400439,32,0,0.02,0.00,,
2025-09-14,21:21:22.635,53.132310000000004,49.98716666666666,98.27570571899415,982.3,120.96,23238,0.00,120.84,0.00,0.00,0.00,0.00,0.00,90,295,2400439,32,0,-0.56,0.00,,
2025-09-14,21:21:22.831,53.132310000000004,49.98716666666666,98.27570571899415,982.3,120.96,23238,0.00,99.41,0.00,0.00,0.00,0.00,0.00,1,295,2400439,32,0,2.44,0.00,,
